<?xml version='1.0' encoding='UTF-8' ?>
<timeLogEntries>
  <time id="1" path="/Non Project/Homework 1 (PSP0)/Planning" start="@1395713384281" delta="8" />
  <time id="2" path="/Non Project/Homework 1 (PSP0)/Design" start="@1395713834795" delta="27" />
  <time id="3" path="/Non Project/Homework 1 (PSP0)/Code" start="@1395715477150" delta="19" />
  <time id="4" path="/Non Project/Homework 1 (PSP0)/Compile" start="@1395716609104" delta="11" />
  <time id="5" path="/Non Project/Homework 1 (PSP0)/Test" start="@1395717288696" delta="41" />
  <time id="6" path="/Non Project/Homework 1 (PSP0)/Test" start="@1395742743612" delta="14" />
  <time id="7" path="/Non Project/Homework 1 (PSP0)/Planning" start="@1395743595843" delta="2" />
  <time id="8" path="/Non Project/Student Profile/Program 2/Planning" start="@1397910886000" delta="85" />
  <time id="9" path="/Non Project/Student Profile/Program 2/Design" start="@1397915999000" delta="17" />
  <time id="10" path="/Non Project/Student Profile/Program 2/Code" start="@1397916997000" delta="44" />
  <time id="11" path="/Non Project/Student Profile/Program 2/Compile" start="@1397919647000" delta="20" />
  <time id="12" path="/Non Project/Student Profile/Program 2/Test" start="@1397920856000" delta="1" />
  <time id="13" path="/Non Project/Student Profile/Program 2/Postmortem" start="@1397920944000" delta="62" />
  <time id="14" path="/Non Project/Homework 2 (PSP0.1)/Planning" start="@1397910886000" delta="85" />
  <time id="15" path="/Non Project/Homework 2 (PSP0.1)/Design" start="@1397915999000" delta="17" />
  <time id="16" path="/Non Project/Homework 2 (PSP0.1)/Code" start="@1397916997000" delta="44" />
  <time id="17" path="/Non Project/Homework 2 (PSP0.1)/Compile" start="@1397919647000" delta="20" />
  <time id="18" path="/Non Project/Homework 2 (PSP0.1)/Test" start="@1397920856000" delta="1" />
  <time id="19" path="/Non Project/Homework 2 (PSP0.1)/Postmortem" start="@1397920944000" delta="62" />
  <time id="20" path="/Non Project/Homework 3 (PSP1)/Planning" start="@1399798505372" delta="138" />
  <time id="21" path="/Non Project/Homework 3 (PSP1)/Design" start="@1399806778006" delta="2" />
  <time id="22" path="/Non Project/Homework 3 (PSP1)/Planning" start="@1399806878500" delta="24" />
  <time id="23" path="/Non Project/Homework 3 (PSP1)/Design" start="@1399808345737" delta="23" />
  <time id="24" path="/Non Project/Homework 3 (PSP1)/Code" start="@1399809710231" delta="25" />
  <time id="25" path="/Non Project/Homework 3 (PSP1)/Compile" start="@1399811216310" delta="2" />
  <time id="26" path="/Non Project/Homework 3 (PSP1)/Test" start="@1399811344547" delta="24" />
  <time id="27" path="/Non Project/Homework 3 (PSP1)/Postmortem" start="@1399812789259" delta="171" interrupt="1" />
</timeLogEntries>
