<?xml version='1.0' encoding='UTF-8' ?>
<timeLogEntries>
  <time id="20" path="/Non Project/Homework 3 (PSP1)/Planning" start="@1399798505372" delta="138" flag="A" />
  <time id="21" path="/Non Project/Homework 3 (PSP1)/Design" start="@1399806778006" delta="2" flag="A" />
  <time id="22" path="/Non Project/Homework 3 (PSP1)/Planning" start="@1399806878500" delta="24" flag="A" />
  <time id="23" path="/Non Project/Homework 3 (PSP1)/Design" start="@1399808345737" delta="23" flag="A" />
  <time id="24" path="/Non Project/Homework 3 (PSP1)/Code" start="@1399809710231" delta="25" flag="A" />
  <time id="25" path="/Non Project/Homework 3 (PSP1)/Compile" start="@1399811216310" delta="2" flag="A" />
  <time id="26" path="/Non Project/Homework 3 (PSP1)/Test" start="@1399811344547" delta="24" flag="A" />
  <time id="27" path="/Non Project/Homework 3 (PSP1)/Postmortem" start="@1399812789259" delta="171" interrupt="1" flag="A" />
</timeLogEntries>
